Reference,Value,Footprint,MPN,Manufacturer,Datasheet,FactoryAssembly,Notes
J1,Pi Zero / Zero 2 W,DialbackZero:PinSocket_Samtec_SSQ-120-01-G-D,SSQ-120-01-G-D,Samtec Inc.,https://www.samtec.com/products/ssq-120-01-g-d,no,"USER SOLDER AFTER DELIVERY; DNP for factory assembly. Female socket on BOTTOM; Pi below carrier with component-side 2x20 2.54mm male header; Existing exact MPN. 2x20 female receptacle, 2.54 mm pitch; mounted on PCB bottom. Manufacturer product page contains print/catalog and footprint downloads."
U1,MAX3232EIDR,DialbackZero:SOIC-16_3.9x9.9mm_P1.27mm,MAX3232EIDR,Texas Instruments,https://www.ti.com/lit/ds/symlink/max3232e.pdf,yes,; Authorized replacement of obsolete MAX3232IDR; SOIC-16. C1-C4 remain 100 nF at 3.3 V; C5 changed to 2.2 uF. TI requires >=1 uF VCC bypass for stated IEC ESD ratings; assembly/device-level ESD validation still required.
J2,A-DF 09 A/KG-T2S,DialbackZero:DSUB9_Assmann_A-DF09A_KG-T2S,A-DF 09 A/KG-T2S,Assmann WSW Components,https://www.assmann-wsw.com/uploads/datasheets/ASS_4888_CO.pdf,yes,"ASSMANN female DE9 DCE, 2.77x2.84mm, grounded shell boardlocks; see mechanical.md; Authorized replacement of A-DF 09 A/KG-T2. Mechanical review confirmed same PCB geometry. Female right-angle DE9, 8.10 mm backset, board locks, 4-40 screwlocks. DigiKey AE10921-ND."
C1,100n,DialbackZero:C_0805_2012Metric_Pad1.18x1.45mm_HandSolder,CC0805KRX7R9BB104,YAGEO,https://yageogroup.com/content/datasheet/asset/file/UPY-GPHC_X7R_6_3V-TO-250V,yes,"X7R 16V; 0805, 0.1 uF, X7R, ±10%, 50 V. Capacitance value preserved; voltage rating meets or exceeds design requirement."
C2,100n,DialbackZero:C_0805_2012Metric_Pad1.18x1.45mm_HandSolder,CC0805KRX7R9BB104,YAGEO,https://yageogroup.com/content/datasheet/asset/file/UPY-GPHC_X7R_6_3V-TO-250V,yes,"X7R 16V; 0805, 0.1 uF, X7R, ±10%, 50 V. Capacitance value preserved; voltage rating meets or exceeds design requirement."
C3,100n,DialbackZero:C_0805_2012Metric_Pad1.18x1.45mm_HandSolder,CC0805KRX7R9BB104,YAGEO,https://yageogroup.com/content/datasheet/asset/file/UPY-GPHC_X7R_6_3V-TO-250V,yes,"X7R 16V; 0805, 0.1 uF, X7R, ±10%, 50 V. Capacitance value preserved; voltage rating meets or exceeds design requirement."
C4,100n,DialbackZero:C_0805_2012Metric_Pad1.18x1.45mm_HandSolder,CC0805KRX7R9BB104,YAGEO,https://yageogroup.com/content/datasheet/asset/file/UPY-GPHC_X7R_6_3V-TO-250V,yes,"X7R 16V; 0805, 0.1 uF, X7R, ±10%, 50 V. Capacitance value preserved; voltage rating meets or exceeds design requirement."
C5,2.2u,DialbackZero:C_0805_2012Metric_Pad1.18x1.45mm_HandSolder,GRM21BR71C225KA12L,Murata Electronics,https://search.murata.co.jp/Ceramy/image/img/A01X/G101/ENG/GRM21BR71C225KA12-01A.pdf,yes,"X7R 16V; Authorized change from 100 nF to 2.2 uF for MAX3232EIDR VCC bypass. 0805 X7R ±10% 16 V. Current Murata reference sheet fetched 2026-09-22 is dated 2026-06-25. Murata typical DC-bias chart (2013-03-08 manufacturer document, Octopart mirror, page 2) was visually inspected: loss at 3.3 V is only a few percent, conservatively <10%, giving about 2.1 uF typical. Applying an illustrative 10% bias loss, -10% nominal tolerance and -15% temperature change gives 1.51 uF. This is engineering margin based on a typical curve, not a guaranteed minimum across aging/lot/temperature or IEC ESD certification."
R1,2.2k,DialbackZero:R_0805_2012Metric_Pad1.20x1.40mm_HandSolder,RC0805FR-072K2L,YAGEO,https://yageogroup.com/content/datasheet/asset/file/PYU-RC_GROUP_51_ROHS_L,yes,"0805, 1%, >=0.125W; 0805, 2200 ohm, ±1% tolerance, 0.125 W. Preserves circuit value."
D1,PWR / WP934CB/GD,DialbackZero:LED_Kingbright_WP934CB_Horizontal,WP934CB/GD,Kingbright,https://www.kingbrightusa.com/images/catalog/spec/wp934cb-gd.pdf,yes,3mm right-angle; housing flush to PCB; emission toward front; Existing exact MPN; 3 mm green right-angle LED housing and original mechanical footprint.
R2,1k,DialbackZero:R_0805_2012Metric_Pad1.20x1.40mm_HandSolder,RC0805FR-071KL,YAGEO,https://yageogroup.com/content/datasheet/asset/file/PYU-RC_GROUP_51_ROHS_L,yes,"0805, 1%, >=0.125W; 0805, 1000 ohm, ±1% tolerance, 0.125 W. Preserves circuit value."
D2,MR / WP934CB/GD,DialbackZero:LED_Kingbright_WP934CB_Horizontal,WP934CB/GD,Kingbright,https://www.kingbrightusa.com/images/catalog/spec/wp934cb-gd.pdf,yes,3mm right-angle; housing flush to PCB; emission toward front; Existing exact MPN; 3 mm green right-angle LED housing and original mechanical footprint.
R11,1k,DialbackZero:R_0805_2012Metric_Pad1.20x1.40mm_HandSolder,RC0805FR-071KL,YAGEO,https://yageogroup.com/content/datasheet/asset/file/PYU-RC_GROUP_51_ROHS_L,yes,"0805, 1%, >=0.125W; 0805, 1000 ohm, ±1% tolerance, 0.125 W. Preserves circuit value."
D3,NET / WP934CB/GD,DialbackZero:LED_Kingbright_WP934CB_Horizontal,WP934CB/GD,Kingbright,https://www.kingbrightusa.com/images/catalog/spec/wp934cb-gd.pdf,yes,3mm right-angle; housing flush to PCB; emission toward front; Existing exact MPN; 3 mm green right-angle LED housing and original mechanical footprint.
R12,1k,DialbackZero:R_0805_2012Metric_Pad1.20x1.40mm_HandSolder,RC0805FR-071KL,YAGEO,https://yageogroup.com/content/datasheet/asset/file/PYU-RC_GROUP_51_ROHS_L,yes,"0805, 1%, >=0.125W; 0805, 1000 ohm, ±1% tolerance, 0.125 W. Preserves circuit value."
D4,SD / WP934CB/GD,DialbackZero:LED_Kingbright_WP934CB_Horizontal,WP934CB/GD,Kingbright,https://www.kingbrightusa.com/images/catalog/spec/wp934cb-gd.pdf,yes,3mm right-angle; housing flush to PCB; emission toward front; Existing exact MPN; 3 mm green right-angle LED housing and original mechanical footprint.
R13,1k,DialbackZero:R_0805_2012Metric_Pad1.20x1.40mm_HandSolder,RC0805FR-071KL,YAGEO,https://yageogroup.com/content/datasheet/asset/file/PYU-RC_GROUP_51_ROHS_L,yes,"0805, 1%, >=0.125W; 0805, 1000 ohm, ±1% tolerance, 0.125 W. Preserves circuit value."
D5,RD / WP934CB/GD,DialbackZero:LED_Kingbright_WP934CB_Horizontal,WP934CB/GD,Kingbright,https://www.kingbrightusa.com/images/catalog/spec/wp934cb-gd.pdf,yes,3mm right-angle; housing flush to PCB; emission toward front; Existing exact MPN; 3 mm green right-angle LED housing and original mechanical footprint.
R14,1k,DialbackZero:R_0805_2012Metric_Pad1.20x1.40mm_HandSolder,RC0805FR-071KL,YAGEO,https://yageogroup.com/content/datasheet/asset/file/PYU-RC_GROUP_51_ROHS_L,yes,"0805, 1%, >=0.125W; 0805, 1000 ohm, ±1% tolerance, 0.125 W. Preserves circuit value."
D6,CD / WP934CB/GD,DialbackZero:LED_Kingbright_WP934CB_Horizontal,WP934CB/GD,Kingbright,https://www.kingbrightusa.com/images/catalog/spec/wp934cb-gd.pdf,yes,3mm right-angle; housing flush to PCB; emission toward front; Existing exact MPN; 3 mm green right-angle LED housing and original mechanical footprint.
R15,1k,DialbackZero:R_0805_2012Metric_Pad1.20x1.40mm_HandSolder,RC0805FR-071KL,YAGEO,https://yageogroup.com/content/datasheet/asset/file/PYU-RC_GROUP_51_ROHS_L,yes,"0805, 1%, >=0.125W; 0805, 1000 ohm, ±1% tolerance, 0.125 W. Preserves circuit value."
D7,OH / WP934CB/GD,DialbackZero:LED_Kingbright_WP934CB_Horizontal,WP934CB/GD,Kingbright,https://www.kingbrightusa.com/images/catalog/spec/wp934cb-gd.pdf,yes,3mm right-angle; housing flush to PCB; emission toward front; Existing exact MPN; 3 mm green right-angle LED housing and original mechanical footprint.
R16,1k,DialbackZero:R_0805_2012Metric_Pad1.20x1.40mm_HandSolder,RC0805FR-071KL,YAGEO,https://yageogroup.com/content/datasheet/asset/file/PYU-RC_GROUP_51_ROHS_L,yes,"0805, 1%, >=0.125W; 0805, 1000 ohm, ±1% tolerance, 0.125 W. Preserves circuit value."
D8,AA / WP934CB/GD,DialbackZero:LED_Kingbright_WP934CB_Horizontal,WP934CB/GD,Kingbright,https://www.kingbrightusa.com/images/catalog/spec/wp934cb-gd.pdf,yes,3mm right-angle; housing flush to PCB; emission toward front; Existing exact MPN; 3 mm green right-angle LED housing and original mechanical footprint.
J4,USB4125-GF-A-0190,DialbackZero:USB_C_Receptacle_GCT_USB4125-xx-x-0190_6P_TopMnt_Horizontal,USB4125-GF-A-0190,GCT,https://gct.co/files/drawings/usb4125.pdf,yes,5V/3A supply required; power only; Pi PWR IN internal; Existing exact MPN. USB-C power connector; LCSC minimum 1. Do not replace with visually similar USB-C footprint.
R17,5.1k,DialbackZero:R_0805_2012Metric_Pad1.20x1.40mm_HandSolder,RC0805FR-075K1L,YAGEO,https://yageogroup.com/content/datasheet/asset/file/PYU-RC_GROUP_51_ROHS_L,yes,"0805, 1%, >=0.125W; 0805, 5100 ohm, ±1% tolerance, 0.125 W. Preserves circuit value. Mouser Canada snapshot last week reported 44,735; this is the same exact MPN, not a replacement."
R18,5.1k,DialbackZero:R_0805_2012Metric_Pad1.20x1.40mm_HandSolder,RC0805FR-075K1L,YAGEO,https://yageogroup.com/content/datasheet/asset/file/PYU-RC_GROUP_51_ROHS_L,yes,"0805, 1%, >=0.125W; 0805, 5100 ohm, ±1% tolerance, 0.125 W. Preserves circuit value. Mouser Canada snapshot last week reported 44,735; this is the same exact MPN, not a replacement."
U3,TPS259470LRPWR,DialbackZero:TPS259470_RPW_2x2mm,TPS259470LRPWR,Texas Instruments,https://www.ti.com/lit/ds/symlink/tps25947.pdf,yes,"Latch-off eFuse, always-on reverse blocking; 2.33A nominal limit; Existing exact MPN; eFuse, 10-VQFN-HR 2x2 mm. Preserve L latch variant."
R19,26.1k,DialbackZero:R_0805_2012Metric_Pad1.20x1.40mm_HandSolder,RC0805FR-0726K1L,YAGEO,https://yageogroup.com/content/datasheet/asset/file/PYU-RC_GROUP_51_ROHS_L,yes,"1% UVLO upper; 0805, 26100 ohm, ±1% tolerance, 0.125 W. Preserves circuit value."
R20,10k,DialbackZero:R_0805_2012Metric_Pad1.20x1.40mm_HandSolder,RC0805FR-0710KL,YAGEO,https://yageogroup.com/content/datasheet/asset/file/PYU-RC_GROUP_51_ROHS_L,yes,"1% UVLO lower; 0805, 10000 ohm, ±1% tolerance, 0.125 W. Preserves circuit value."
R21,34.8k,DialbackZero:R_0805_2012Metric_Pad1.20x1.40mm_HandSolder,RT0805BRD0734K8L,YAGEO,https://yageogroup.com/content/datasheet/asset/file/PYU-RT_1-TO-0-01_ROHS_L,yes,"0.1% OVLO upper; do not substitute 1%; 0805, 34800 ohm, ±0.1% tolerance, 0.125 W. Required 0.1% eFuse threshold divider part; do not substitute 1%."
R22,10k,DialbackZero:R_0805_2012Metric_Pad1.20x1.40mm_HandSolder,RT0805BRD0710KL,YAGEO,https://yageogroup.com/content/datasheet/asset/file/PYU-RT_1-TO-0-01_ROHS_L,yes,"0.1% OVLO lower; do not substitute 1%; 0805, 10000 ohm, ±0.1% tolerance, 0.125 W. Required 0.1% eFuse threshold divider part; do not substitute 1%."
R23,1.43k,DialbackZero:R_0805_2012Metric_Pad1.20x1.40mm_HandSolder,RC0805FR-071K43L,YAGEO,https://yageogroup.com/content/datasheet/asset/file/PYU-RC_GROUP_51_ROHS_L,yes,"1% current limit; 2.33A nominal; 0805, 1430 ohm, ±1% tolerance, 0.125 W. Preserves circuit value."
C19,1u,DialbackZero:C_0805_2012Metric_Pad1.18x1.45mm_HandSolder,CC0805KKX7R9BB105,YAGEO,https://yageogroup.com/content/datasheet/asset/file/UPY-GPHC_X7R_6_3V-TO-250V,yes,"X7R 50V input bypass; 0805, 1 uF, X7R, ±10%, 50 V. Capacitance value preserved; voltage rating meets or exceeds design requirement."
C20,100n,DialbackZero:C_0805_2012Metric_Pad1.18x1.45mm_HandSolder,CC0805KRX7R9BB104,YAGEO,https://yageogroup.com/content/datasheet/asset/file/UPY-GPHC_X7R_6_3V-TO-250V,yes,"X7R 50V; place close to U3 IN/GND; 0805, 0.1 uF, X7R, ±10%, 50 V. Capacitance value preserved; voltage rating meets or exceeds design requirement."
C21,10n,DialbackZero:C_0805_2012Metric_Pad1.18x1.45mm_HandSolder,CC0805KRX7R9BB103,YAGEO,https://yageogroup.com/content/datasheet/asset/file/UPY-GPHC_X7R_6_3V-TO-250V,yes,"X7R 50V soft start about 25ms; 0805, 0.01 uF, X7R, ±10%, 50 V. Capacitance value preserved; voltage rating meets or exceeds design requirement."
C22,10u,DialbackZero:C_0805_2012Metric_RevB_C22,CC0805KKX7R6BB106,YAGEO,https://yageogroup.com/content/datasheet/asset/file/UPY-GPHC_X7R_6_3V-TO-250V,yes,"X7R 10V output bypass; 0805, 10 uF, X7R, ±10%, 10 V. Capacitance value preserved; voltage rating meets or exceeds design requirement. Existing exact MPN preserved. LCSC minimum/multiple 5. DigiKey snapshot showed no stock; do not use its obsolete cached availability as evidence."
D9,SMAJ12A,DialbackZero:D_SMA,SMAJ12A,Littelfuse Inc.,https://www.littelfuse.com/assetdocs/tvs-diodes-smaj-datasheet?assetguid=13c2a823-03b8-4d1f-9ddc-9b44670aed9d,yes,"Unidirectional 12V standoff TVS; pad1 cathode upstream of eFuse; Manufacturer is explicitly Littelfuse, not an unspecified SMAJ12A equivalent. Unidirectional 12 V standoff TVS, SMA/DO-214AC, 400 W."
U2,PAM8406DR,DialbackZero:SOIC16_RevB_U2,PAM8406DR,Diodes Incorporated,https://www.diodes.com/datasheet/download/PAM8406.pdf,yes,"; Existing exact MPN; SOP-16 audio amplifier, mono design uses one channel."
R3,1k,DialbackZero:R_0805_2012Metric_Pad1.20x1.40mm_HandSolder,RC0805FR-071KL,YAGEO,https://yageogroup.com/content/datasheet/asset/file/PYU-RC_GROUP_51_ROHS_L,yes,"0805, 1%, >=0.125W; 0805, 1000 ohm, ±1% tolerance, 0.125 W. Preserves circuit value."
C6,10n,DialbackZero:C_0805_2012Metric_Pad1.18x1.45mm_HandSolder,CC0805KRX7R9BB103,YAGEO,https://yageogroup.com/content/datasheet/asset/file/UPY-GPHC_X7R_6_3V-TO-250V,yes,"X7R 16V; 0805, 0.01 uF, X7R, ±10%, 50 V. Capacitance value preserved; voltage rating meets or exceeds design requirement."
R4,47k,DialbackZero:R_0805_2012Metric_Pad1.20x1.40mm_HandSolder,RC0805FR-0747KL,YAGEO,https://yageogroup.com/content/datasheet/asset/file/PYU-RC_GROUP_51_ROHS_L,yes,"0805, 1%, >=0.125W; 0805, 47000 ohm, ±1% tolerance, 0.125 W. Preserves circuit value."
R5,1k,DialbackZero:R_0805_2012Metric_Pad1.20x1.40mm_HandSolder,RC0805FR-071KL,YAGEO,https://yageogroup.com/content/datasheet/asset/file/PYU-RC_GROUP_51_ROHS_L,yes,"0805, 1%, >=0.125W; 0805, 1000 ohm, ±1% tolerance, 0.125 W. Preserves circuit value."
C7,22n,DialbackZero:C_0805_2012Metric_Pad1.18x1.45mm_HandSolder,CC0805KRX7R9BB223,YAGEO,https://yageogroup.com/content/datasheet/asset/file/UPY-GPHC_X7R_6_3V-TO-250V,yes,"X7R 16V; 0805, 0.022 uF, X7R, ±10%, 50 V. Capacitance value preserved; voltage rating meets or exceeds design requirement."
C8,470n,DialbackZero:C_0805_2012Metric_RevB_C8,CC0805KKX7R9BB474,YAGEO,https://yageogroup.com/content/datasheet/asset/file/UPY-GPHC_X7R_6_3V-TO-250V,yes,"X7R 16V; 0805, 0.47 uF, X7R, ±10%, 50 V. Capacitance value preserved; voltage rating meets or exceeds design requirement."
F1,0.75A PTC,DialbackZero:Fuse_Littelfuse_MINISMDC075F-2,MINISMDC075F-2,Littelfuse Inc.,https://www.littelfuse.com/assetdocs/ptc-minismdc075f-2-product-specification?assetguid=f0c28e08-37ef-4ea8-85a7-67058a4bcb3a,yes,"Littelfuse MINISMDC075F-2, amplifier branch only; Authorized replacement of NRND Bourns MF-MSMF075-2. Active 1812 PPTC, 13.2 V, hold 0.75 A, trip 1.5 A, fault current 100 A, max 0.2 s trip at 8 A/20 C, resistance 0.11..0.45 ohm. Body max 4.73 x 3.41 x 0.62 mm. Manufacturer recommended pads: 1.68 x 3.15 mm, 3.10 mm inner gap, centers ±2.39 mm. Root applies pad change; not a blind drop-in substitution. Thermal derating and reflow still require prototype validation."
R9,10R,DialbackZero:R_0805_2012Metric_RevB_R9,RC0805FR-0710RL,YAGEO,https://yageogroup.com/content/datasheet/asset/file/PYU-RC_GROUP_51_ROHS_L,yes,"0805, 1%, >=0.125W; 0805, 10 ohm, ±1% tolerance, 0.125 W. Preserves circuit value."
R10,47k,DialbackZero:R_0805_2012Metric_Pad1.20x1.40mm_HandSolder,RC0805FR-0747KL,YAGEO,https://yageogroup.com/content/datasheet/asset/file/PYU-RC_GROUP_51_ROHS_L,yes,"0805, 1%, >=0.125W; 0805, 47000 ohm, ±1% tolerance, 0.125 W. Preserves circuit value."
C12,1u,DialbackZero:C_0805_2012Metric_Pad1.18x1.45mm_HandSolder,CC0805KKX7R9BB105,YAGEO,https://yageogroup.com/content/datasheet/asset/file/UPY-GPHC_X7R_6_3V-TO-250V,yes,"X7R 16V; 0805, 1 uF, X7R, ±10%, 50 V. Capacitance value preserved; voltage rating meets or exceeds design requirement."
C13,1u,DialbackZero:C_0805_2012Metric_Pad1.18x1.45mm_HandSolder,CC0805KKX7R9BB105,YAGEO,https://yageogroup.com/content/datasheet/asset/file/UPY-GPHC_X7R_6_3V-TO-250V,yes,"X7R 16V; 0805, 1 uF, X7R, ±10%, 50 V. Capacitance value preserved; voltage rating meets or exceeds design requirement."
C14,1u,DialbackZero:C_0805_2012Metric_RevB_C14,CC0805KKX7R9BB105,YAGEO,https://yageogroup.com/content/datasheet/asset/file/UPY-GPHC_X7R_6_3V-TO-250V,yes,"X7R 16V; 0805, 1 uF, X7R, ±10%, 50 V. Capacitance value preserved; voltage rating meets or exceeds design requirement."
C15,1u,DialbackZero:C_0805_2012Metric_Pad1.18x1.45mm_HandSolder,CC0805KKX7R9BB105,YAGEO,https://yageogroup.com/content/datasheet/asset/file/UPY-GPHC_X7R_6_3V-TO-250V,yes,"X7R 16V; 0805, 1 uF, X7R, ±10%, 50 V. Capacitance value preserved; voltage rating meets or exceeds design requirement."
C16,100n,DialbackZero:C_0805_2012Metric_Pad1.18x1.45mm_HandSolder,CC0805KRX7R9BB104,YAGEO,https://yageogroup.com/content/datasheet/asset/file/UPY-GPHC_X7R_6_3V-TO-250V,yes,"X7R 16V; 0805, 0.1 uF, X7R, ±10%, 50 V. Capacitance value preserved; voltage rating meets or exceeds design requirement."
C17,220u 10V,DialbackZero:CP_Panasonic_EEUFR1A221_D6.3_P2.50,EEU-FR1A221,Panasonic Industry,https://industrial.panasonic.com/cdbs/www-data/pdf/RDF0000/ABA0000C1259.pdf,yes,"; 220 uF ±20%, 10 V, radial, diameter 6.3 mm, lead pitch 2.5 mm. Nominal body 11.2 mm; DigiKey maximum seated height 12.7 mm (<16 mm enclosure allowance). Manufacturer spelling EEUFR1A221 denotes same part; distributor MPN uses hyphen. Polarized."
C18,100n,DialbackZero:C_0805_2012Metric_Pad1.18x1.45mm_HandSolder,CC0805KRX7R9BB104,YAGEO,https://yageogroup.com/content/datasheet/asset/file/UPY-GPHC_X7R_6_3V-TO-250V,yes,"X7R 16V; 0805, 0.1 uF, X7R, ±10%, 50 V. Capacitance value preserved; voltage rating meets or exceeds design requirement."
J3,MUTE jumper,DialbackZero:PinHeader_Wurth_61300211121,61300211121,Würth Elektronik,https://www.we-online.com/components/products/datasheet/61300211121.pdf,yes,"Close to mute speaker; normally open; WR-PHD 1x02 vertical male header, 2.54 mm pitch; body 5.08 x 2.54 x 2.54 mm; mating length 6.0 ±0.2 mm, solder tail 3.0 ±0.2 mm. Pin 0.64 ±0.15 mm square; recommended PCB hole 1.10 ±0.15 mm. Optional loose shunt is listed separately and normally left off (shunt mutes)."
LS1,AST-02308MR-R / 8R,DialbackZero:Speaker_PUI_AST-02308MR-R,AST-02308MR-R,"PUI Audio, Inc.",https://puiaudio.com/file/specs-AST-02308MR-R.pdf,yes,"Passive PCB speaker 23mm, 0.1W, pin pitch10mm; Existing exact MPN; 8 ohm PCB speaker, 23 mm body, 8.5 mm nominal height."
C11,470n,DialbackZero:C_0805_2012Metric_Pad1.18x1.45mm_HandSolder,CC0805KKX7R9BB474,YAGEO,https://yageogroup.com/content/datasheet/asset/file/UPY-GPHC_X7R_6_3V-TO-250V,yes,"X7R 16V; 0805, 0.47 uF, X7R, ±10%, 50 V. Capacitance value preserved; voltage rating meets or exceeds design requirement."
U4,LTC2954ITS8-1#TRPBF,DialbackZero:LTC2954_TS8,LTC2954ITS8-1#TRPBF,Analog Devices Inc.,https://www.analog.com/media/en/technical-documentation/data-sheets/2954fb.pdf,yes,"Always powered; active-high open-drain enable; short press IRQ, held press forced off; Existing exact MPN; TSOT-23-8, active-high EN -1 variant. Preserve #TRPBF suffix in MPN (URL omits #)."
Q1,MMBT3904LT1G,DialbackZero:SOT-23,MMBT3904LT1G,onsemi,https://www.onsemi.com/pdf/datasheet/mmbt3904lt1-d.pdf,yes,"GPIO26 HIGH pulls KILL low; base pulldown keeps boot/reboot safe; Existing exact MPN; NPN SOT-23. Mouser indexed stock evidence; DigiKey opened page showed zero stock, so do not rely on older DigiKey search counts."
R24,330k,DialbackZero:R_0805_2012Metric_Pad1.20x1.40mm_HandSolder,RC0805FR-07330KL,YAGEO,https://yageogroup.com/content/datasheet/asset/file/PYU-RC_GROUP_51_ROHS_L,yes,"1% KILL upper divider; protects KILL from raw input excursions; 0805, 330000 ohm, ±1% tolerance, 0.125 W. Preserves circuit value."
R25,100k,DialbackZero:R_0805_2012Metric_Pad1.20x1.40mm_HandSolder,RC0805FR-07100KL,YAGEO,https://yageogroup.com/content/datasheet/asset/file/PYU-RC_GROUP_51_ROHS_L,yes,"1% KILL lower divider; keep KILL high throughout Linux boot; 0805, 100000 ohm, ±1% tolerance, 0.125 W. Preserves circuit value."
R26,10k,DialbackZero:R_0805_2012Metric_Pad1.20x1.40mm_HandSolder,RC0805FR-0710KL,YAGEO,https://yageogroup.com/content/datasheet/asset/file/PYU-RC_GROUP_51_ROHS_L,yes,"1% NPN base resistor; final poweroff GPIO only; 0805, 10000 ohm, ±1% tolerance, 0.125 W. Preserves circuit value."
R27,100k,DialbackZero:R_0805_2012Metric_Pad1.20x1.40mm_HandSolder,RC0805FR-07100KL,YAGEO,https://yageogroup.com/content/datasheet/asset/file/PYU-RC_GROUP_51_ROHS_L,yes,"1% hardware base pulldown; 0805, 100000 ohm, ±1% tolerance, 0.125 W. Preserves circuit value."
R28,10k,DialbackZero:R_0805_2012Metric_Pad1.20x1.40mm_HandSolder,RC0805FR-0710KL,YAGEO,https://yageogroup.com/content/datasheet/asset/file/PYU-RC_GROUP_51_ROHS_L,yes,"1% INT pullup to switched Pi 3V3 only; never raw5V; 0805, 10000 ohm, ±1% tolerance, 0.125 W. Preserves circuit value."
R29,2.2k,DialbackZero:R_0805_2012Metric_Pad1.20x1.40mm_HandSolder,RC0805FR-072K2L,YAGEO,https://yageogroup.com/content/datasheet/asset/file/PYU-RC_GROUP_51_ROHS_L,yes,"Output discharge bleeder, 0805 >=0.125W; 0805, 2200 ohm, ±1% tolerance, 0.125 W. Preserves circuit value."
C23,100n,DialbackZero:C_0805_2012Metric_Pad1.18x1.45mm_HandSolder,CC0805KRX7R9BB104,YAGEO,https://yageogroup.com/content/datasheet/asset/file/UPY-GPHC_X7R_6_3V-TO-250V,yes,"Always-on controller bypass, X7R 50V; 0805, 0.1 uF, X7R, ±10%, 50 V. Capacitance value preserved; voltage rating meets or exceeds design requirement."
C24,1.5u,DialbackZero:C_0805_2012Metric_Pad1.18x1.45mm_HandSolder,CGA4J3X7R1E155K125AB,TDK Corporation,https://product.tdk.com/en/search/capacitor/ceramic/mlcc/info?part_no=CGA4J3X7R1E155K125AB,yes,"PDT force-off timer: about 9.7s nominal continuous press; X7R 25V 10%, timer/temperature/bias tolerances additional; Existing exact MPN preserved: 1.5 uF, ±10%, 25 V, X7R, 0805. Power-button hard-off timer."
SW1,PTS645VL39-2 LFS,DialbackZero:SW_CK_PTS645VL39-2LFS_Horizontal,PTS645VL39-2 LFS,C&K,https://www.ckswitches.com/media/1471/pts645.pdf,yes,Momentary normally open; front panel guided actuator; about10s hold forces power cut; Existing exact MPN; side-actuated tactile pushbutton. Preserve space before LFS.
U5,W5500,DialbackZero:LQFP-48_7x7mm_P0.5mm_RevC_U5,W5500,WIZnet,https://docs.wiznet.io/img/products/w5500/W5500_ds_v110e.pdf,yes,"SPI0 CE0; Linux MACRAW Ethernet; 25 MHz oscillator; PMODE 111 autonegotiation; pin 23 grounded; 48-pin LQFP, 7 × 7 mm; SPI Ethernet controller."
U6,TLV76733DGNR,DialbackZero:HVSSOP8_TLV76733_DGN_RevC_U6,TLV76733DGNR,Texas Instruments,https://www.ti.com/lit/ds/symlink/tlv767.pdf,yes,"1 A / 3.3 V regulator with soldered ground thermal pad; switched 5 V feed; Fixed 3.3 V, 1 A LDO; HVSSOP-8 exposed thermal pad must be soldered to ground."
U7,TPS3839G33DBZR,DialbackZero:SOT-23_RevC_U7,TPS3839G33DBZR,Texas Instruments,https://www.ti.com/lit/ds/symlink/tps3839.pdf,yes,"3.08 V threshold, push-pull reset;120 ms minimum power-up delay; 3.08 V nominal reset threshold; 120 ms minimum reset release delay."
J5,7499010121A,DialbackZero:RJ45_Wuerth_7499010121A_Horizontal_RevC_J5,7499010121A,Würth Elektronik,https://www.we-online.com/components/products/datasheet/7499010121A.pdf,yes,"10/100BASE-T, separate center taps; green link/yellow activity LEDs; RXCT unconnected; no PoE; Independent TX/RX center taps; 100BASE-TX; no PoE."
Y1,25 MHz / 3.3 V / 25 ppm,DialbackZero:Oscillator_SMD_Abracon_ASE-4Pin_3.2x2.5mm_RevC_Y1,ASE-25.000MHZ-L-R-T,Abracon,https://abracon.com/Oscillators/ASEseries.pdf,yes,"25 MHz CMOS oscillator, 25 ppm stability; XI external clock, XO unconnected; 25 MHz; 3.3 V CMOS; ±25 ppm overall stability; −40 to +85 °C; 2 ms maximum startup; 13 mA maximum supply current"
FB1,120R@100MHz,DialbackZero:R_0805_2012Metric_RevC_FB1,BLM21PG121SN1D,Murata,https://www.murata.com/products/productdata/8796738977822/ENFA0005.pdf,yes,"Murata 120 Ω ferrite at 100 MHz, 3 A rating, 0.03 Ω maximum DC resistance; 120 Ω at 100 MHz; 3 A rated current; 0.03 Ω maximum DC resistance."
R30,12.4k,DialbackZero:R_0805_2012Metric_Pad1.20x1.40mm_HandSolder_RevC_R30,RC0805FR-0712K4L,YAGEO,https://yageogroup.com/content/datasheet/asset/file/PYu-RC_GROUP_51_ROHS,yes,"W5500 bias resistor, 1%; W5500 reference resistor; 12.4 kΩ, 1%, 0805, 0.125 W."
R31,49.9R,DialbackZero:R_0805_2012Metric_Pad1.20x1.40mm_HandSolder_RevC_R31,RC0805FR-0749R9L,YAGEO,https://yageogroup.com/content/datasheet/asset/file/PYu-RC_GROUP_51_ROHS,yes,"TX termination, 1%; Transmit termination; 49.9 Ω, 1%, 0805, 0.125 W."
R32,49.9R,DialbackZero:R_0805_2012Metric_Pad1.20x1.40mm_HandSolder_RevC_R32,RC0805FR-0749R9L,YAGEO,https://yageogroup.com/content/datasheet/asset/file/PYu-RC_GROUP_51_ROHS,yes,"TX termination, 1%; Transmit termination; 49.9 Ω, 1%, 0805, 0.125 W."
R33,10R,DialbackZero:R_0805_2012Metric_Pad1.20x1.40mm_HandSolder_RevC_R33,RC0805FR-0710RL,YAGEO,https://yageogroup.com/content/datasheet/asset/file/PYu-RC_GROUP_51_ROHS,yes,"TX center-tap feed; Transmit center-tap supply resistor; 10 Ω, 1%, 0805, 0.125 W."
R34,49.9R,DialbackZero:R_0805_2012Metric_Pad1.20x1.40mm_HandSolder_RevC_R34,RC0805FR-0749R9L,YAGEO,https://yageogroup.com/content/datasheet/asset/file/PYu-RC_GROUP_51_ROHS,yes,"RX termination, 1%; Receive termination; 49.9 Ω, 1%, 0805, 0.125 W."
R35,49.9R,DialbackZero:R_0805_2012Metric_Pad1.20x1.40mm_HandSolder_RevC_R35,RC0805FR-0749R9L,YAGEO,https://yageogroup.com/content/datasheet/asset/file/PYu-RC_GROUP_51_ROHS,yes,"RX termination, 1%; Receive termination; 49.9 Ω, 1%, 0805, 0.125 W."
R36,330R,DialbackZero:R_0805_2012Metric_Pad1.20x1.40mm_HandSolder_RevC_R36,RC0805FR-07330RL,YAGEO,https://yageogroup.com/content/datasheet/asset/file/PYu-RC_GROUP_51_ROHS,yes,"Magjack green LED current limit; Green RJ45 link indicator current limit; 330 Ω, 1%, 0805, 0.125 W."
R37,330R,DialbackZero:R_0805_2012Metric_Pad1.20x1.40mm_HandSolder_RevC_R37,RC0805FR-07330RL,YAGEO,https://yageogroup.com/content/datasheet/asset/file/PYu-RC_GROUP_51_ROHS,yes,"Magjack yellow LED current limit; Yellow RJ45 activity indicator current limit; 330 Ω, 1%, 0805, 0.125 W."
R40,10k,DialbackZero:R_0805_2012Metric_Pad1.20x1.40mm_HandSolder_RevC_R40,RC0805FR-0710KL,YAGEO,https://yageogroup.com/content/datasheet/asset/file/PYu-RC_GROUP_51_ROHS,yes,"SPI chip-select pull-up; SPI chip-select pull-up; 10 kΩ, 1%, 0805, 0.125 W."
R41,10k,DialbackZero:R_0805_2012Metric_Pad1.20x1.40mm_HandSolder_RevC_R41,RC0805FR-0710KL,YAGEO,https://yageogroup.com/content/datasheet/asset/file/PYu-RC_GROUP_51_ROHS,yes,"All three PHY mode pins pulled high; 111 selects autonegotiation; Pull all three PHY mode pins high for autonegotiation; 10 kΩ, 1%, 0805, 0.125 W."
C25,10u,DialbackZero:C_0805_2012Metric_Pad1.18x1.45mm_HandSolder_RevC_C25,CC0805KKX7R6BB106,YAGEO,https://yageogroup.com/content/datasheet/asset/file/UPY-GPHC_X7R_6_3V-TO-250V,yes,"Ethernet capacitor; LDO input bypass; 10 µF, 10 V, X7R, 0805."
C26,10u,DialbackZero:C_0805_2012Metric_Pad1.18x1.45mm_HandSolder_RevC_C26,CC0805KKX7R6BB106,YAGEO,https://yageogroup.com/content/datasheet/asset/file/UPY-GPHC_X7R_6_3V-TO-250V,yes,"Ethernet capacitor; LDO output bypass; 10 µF, 10 V, X7R, 0805."
C27,100n,DialbackZero:C_0805_2012Metric_Pad1.18x1.45mm_HandSolder_RevC_C27,CC0805KRX7R9BB104,YAGEO,https://yageogroup.com/content/datasheet/asset/file/UPY-GPHC_X7R_6_3V-TO-250V,yes,"Ethernet capacitor; Local supply bypass; 100 nF, 50 V, X7R, 0805."
C28,100n,DialbackZero:C_0603_1608Metric_RevC_C28,CC0603KRX7R9BB104,YAGEO,https://www.yageogroup.com/download/specsheet/CC0603KRX7R9BB104,yes,"Ethernet capacitor; Local supply bypass; 100 nF, 50 V, X7R, 0603.; F.Cu local bypass for single-side factory assembly."
C29,100n,DialbackZero:C_0603_1608Metric_RevC_C29,CC0603KRX7R9BB104,YAGEO,https://www.yageogroup.com/download/specsheet/CC0603KRX7R9BB104,yes,"Ethernet capacitor; Local supply bypass; 100 nF, 50 V, X7R, 0603.; F.Cu local bypass for single-side factory assembly."
C30,100n,DialbackZero:C_0603_1608Metric_RevC_C30,CC0603KRX7R9BB104,YAGEO,https://www.yageogroup.com/download/specsheet/CC0603KRX7R9BB104,yes,"Ethernet capacitor; Local supply bypass; 100 nF, 50 V, X7R, 0603.; F.Cu local bypass for single-side factory assembly."
C31,100n,DialbackZero:C_0603_1608Metric_RevC_C31,CC0603KRX7R9BB104,YAGEO,https://www.yageogroup.com/download/specsheet/CC0603KRX7R9BB104,yes,"Ethernet capacitor; Local supply bypass; 100 nF, 50 V, X7R, 0603.; F.Cu local bypass for single-side factory assembly."
C32,100n,DialbackZero:C_0603_1608Metric_RevC_C32,CC0603KRX7R9BB104,YAGEO,https://www.yageogroup.com/download/specsheet/CC0603KRX7R9BB104,yes,"Ethernet capacitor; Local supply bypass; 100 nF, 50 V, X7R, 0603.; F.Cu local bypass for single-side factory assembly."
C33,100n,DialbackZero:C_0603_1608Metric_RevC_C33,CC0603KRX7R9BB104,YAGEO,https://www.yageogroup.com/download/specsheet/CC0603KRX7R9BB104,yes,"Ethernet capacitor; Local supply bypass; 100 nF, 50 V, X7R, 0603.; F.Cu local bypass for single-side factory assembly."
C34,100n,DialbackZero:C_0603_1608Metric_RevC_C34,CC0603KRX7R9BB104,YAGEO,https://www.yageogroup.com/download/specsheet/CC0603KRX7R9BB104,yes,"Ethernet capacitor; Local supply bypass; 100 nF, 50 V, X7R, 0603.; F.Cu local bypass for single-side factory assembly."
C35,10u,DialbackZero:C_0805_2012Metric_Pad1.18x1.45mm_HandSolder_RevC_C35,CC0805KKX7R6BB106,YAGEO,https://yageogroup.com/content/datasheet/asset/file/UPY-GPHC_X7R_6_3V-TO-250V,yes,"Ethernet capacitor; Analog supply bulk bypass; 10 µF, 10 V, X7R, 0805."
C36,4.7u,DialbackZero:C_0805_2012Metric_Pad1.18x1.45mm_HandSolder_RevC_C36,CC0805KKX7R6BB475,YAGEO,https://yageogroup.com/content/datasheet/asset/file/UPY-GPHC_X7R_6_3V-TO-250V,yes,"Ethernet capacitor; W5500 TOCAP reference capacitor; 4.7 µF, 10 V, X7R, 0805."
C37,10n,DialbackZero:C_0603_1608Metric_RevC_C37,CC0603KRX7R9BB103,YAGEO,https://www.yageogroup.com/download/specsheet/CC0603KRX7R9BB103,yes,"Ethernet capacitor; W5500 1V2O reference bypass; 10 nF, 50 V, X7R, 0603.; F.Cu local bypass for single-side factory assembly."
C38,100n,DialbackZero:C_0805_2012Metric_Pad1.18x1.45mm_HandSolder_RevC_C38,CC0805KRX7R9BB104,YAGEO,https://yageogroup.com/content/datasheet/asset/file/UPY-GPHC_X7R_6_3V-TO-250V,yes,"Ethernet capacitor; Local supply bypass; 100 nF, 50 V, X7R, 0805."
C40,22n,DialbackZero:C_0805_2012Metric_Pad1.18x1.45mm_HandSolder_RevC_C40,CC0805KRX7R9BB223,YAGEO,https://yageogroup.com/content/datasheet/asset/file/UPY-GPHC_X7R_6_3V-TO-250V,yes,"Ethernet capacitor; Transmit center-tap bypass; 22 nF, 50 V, X7R, 0805; matches WIZnet reference."
C41,6.8n,DialbackZero:C_0805_2012Metric_Pad1.18x1.45mm_HandSolder_RevC_C41,CC0805KRX7R9BB682,YAGEO,https://yageogroup.com/content/datasheet/asset/file/UPY-GPHC_X7R_6_3V-TO-250V,yes,"Ethernet capacitor; Receive positive AC coupling; 6.8 nF, 50 V, X7R, 0805."
C42,6.8n,DialbackZero:C_0805_2012Metric_Pad1.18x1.45mm_HandSolder_RevC_C42,CC0805KRX7R9BB682,YAGEO,https://yageogroup.com/content/datasheet/asset/file/UPY-GPHC_X7R_6_3V-TO-250V,yes,"Ethernet capacitor; Receive negative AC coupling; 6.8 nF, 50 V, X7R, 0805."
C43,10n,DialbackZero:C_0805_2012Metric_Pad1.18x1.45mm_HandSolder_RevC_C43,CC0805KRX7R9BB103,YAGEO,https://yageogroup.com/content/datasheet/asset/file/UPY-GPHC_X7R_6_3V-TO-250V,yes,"Ethernet capacitor; Receive common termination bypass; 10 nF, 50 V, X7R, 0805."
C44,1n2kV,DialbackZero:C_1206_3216Metric_RevC_C44,C1206C102KGRACTU,KEMET,https://content.kemet.com/datasheets/CER_ENG_KIT_26.pdf,yes,"Ethernet capacitor; Shield-to-board-ground coupling; 1 nF, 2 kV, X7R, 1206."
