Comment,Designator,Footprint,LCSC Part #,Manufacturer,Manufacturer Part Number,Value,Quantity
CC0805KRX7R9BB104,"C1,C2,C3,C4,C16,C18,C20,C23,C27,C38",0805,C49678,YAGEO,CC0805KRX7R9BB104,100n,10
GRM21BR71C225KA12L,C5,0805,C108378,Murata Electronics,GRM21BR71C225KA12L,2.2u,1
CC0805KRX7R9BB103,"C6,C21,C43",0805,C83170,YAGEO,CC0805KRX7R9BB103,10n,3
CC0805KRX7R9BB223,"C7,C40",0805,C107147,YAGEO,CC0805KRX7R9BB223,22n,2
CC0805KKX7R9BB474,"C8,C11",0805,C106843,YAGEO,CC0805KKX7R9BB474,470n,2
CC0805KKX7R9BB105,"C12,C13,C14,C15,C19",0805,C91185,YAGEO,CC0805KKX7R9BB105,1u,5
CC0805KKX7R6BB106,"C22,C25,C26,C35",0805,C1952580,YAGEO,CC0805KKX7R6BB106,10u,4
C2012X7R1E155KT000N,C24,0805,C338028,TDK Corporation,C2012X7R1E155KT000N,1.5u,1
CC0603KRX7R9BB104,"C28,C29,C30,C31,C32,C33,C34",0603,C14663,YAGEO,CC0603KRX7R9BB104,100n,7
GRM21BR71C475KA73L,C36,0805,C86040,Murata Electronics,GRM21BR71C475KA73L,4.7u,1
CC0603KRX7R9BB103,C37,0603,C100042,YAGEO,CC0603KRX7R9BB103,10n,1
CC0805KRX7R9BB682,"C41,C42",0805,C107158,YAGEO,CC0805KRX7R9BB682,6.8n,2
C1206C102KGRACTU,C44,1206,C479755,KEMET,C1206C102KGRACTU,1n2kV,1
SMAJ12A-13-F,D9,SMA,C134947,Diodes Incorporated,SMAJ12A-13-F,SMAJ12A,1
MINISMDC075F-2,F1,1812,C444865,Littelfuse Inc.,MINISMDC075F-2,0.75A PTC,1
BLM21PG121SN1D,FB1,0805,C79382,Murata,BLM21PG121SN1D,120R@100MHz,1
USB4125-GF-A-0190,J4,USB4125-GF-A-0190,C5246813,GCT,USB4125-GF-A-0190,USB4125-GF-A-0190,1
MMBT3904LT1G,Q1,SOT-23,C81464,onsemi,MMBT3904LT1G,MMBT3904LT1G,1
RC0805FR-072K2L,"R1,R29",0805,C114561,YAGEO,RC0805FR-072K2L,2.2k,2
RC0805FR-071KL,"R2,R3,R5,R11,R12,R13,R14,R15,R16",0805,C95781,YAGEO,RC0805FR-071KL,1k,9
RC0805FR-0747KL,"R4,R10",0805,C126351,YAGEO,RC0805FR-0747KL,47k,2
RC0805FR-0710RL,"R9,R33",0805,C96347,YAGEO,RC0805FR-0710RL,10R,2
RC0805FR-075K1L,"R17,R18",0805,C84375,YAGEO,RC0805FR-075K1L,5.1k,2
RC0805FR-0726K1L,R19,0805,C327308,YAGEO,RC0805FR-0726K1L,26.1k,1
RC0805FR-0710KL,"R20,R26,R28,R40,R41",0805,C84376,YAGEO,RC0805FR-0710KL,10k,5
RT0805BRD0734K8L,R21,0805,C865417,YAGEO,RT0805BRD0734K8L,34.8k,1
RT0805BRD0710KL,R22,0805,C110775,YAGEO,RT0805BRD0710KL,10k,1
RC0805FR-071K43L,R23,0805,C482962,YAGEO,RC0805FR-071K43L,1.43k,1
RC0805FR-07330KL,R24,0805,C114528,YAGEO,RC0805FR-07330KL,330k,1
RC0805FR-07100KL,"R25,R27",0805,C96346,YAGEO,RC0805FR-07100KL,100k,2
RC0805FR-0712K4L,R30,0805,C137595,YAGEO,RC0805FR-0712K4L,12.4k,1
RC0805FR-0749R9L,"R31,R32,R34,R35",0805,C132320,YAGEO,RC0805FR-0749R9L,49.9R,4
RC0805FR-07330RL,"R36,R37",0805,C105878,YAGEO,RC0805FR-07330RL,330R,2
MAX3232EIDR,U1,SOIC-16,C193666,Texas Instruments,MAX3232EIDR,MAX3232EIDR,1
PAM8406DR,U2,SOIC-16,C86270,Diodes Incorporated,PAM8406DR,PAM8406DR,1
TPS259470LRPWR,U3,VQFN-HR-10_2x2mm,C3662793,Texas Instruments,TPS259470LRPWR,TPS259470LRPWR,1
LTC2954ITS8-1#TRMPBF,U4,TSOT-23-8,C580654,Analog Devices Inc.,LTC2954ITS8-1#TRMPBF,LTC2954ITS8-1#TRMPBF,1
W5500,U5,LQFP-48_7x7mm_P0.5mm,C32843,WIZnet,W5500,W5500,1
TLV76733DGNR,U6,HVSSOP-8-EP_3x3mm,C2873382,Texas Instruments,TLV76733DGNR,TLV76733DGNR,1
TPS3839G33DBZR,U7,SOT-23,C485802,Texas Instruments,TPS3839G33DBZR,TPS3839G33DBZR,1
ASE-25.000MHZ-L-R-T,Y1,SMD-3225_4Pin,C596952,Abracon,ASE-25.000MHZ-L-R-T,25 MHz / 3.3 V / 25 ppm,1
