Designator,Mid X,Mid Y,Rotation,Layer
C1,132.000000,-72.000000,90.000000,Top
C2,132.000000,-77.000000,90.000000,Top
C3,141.000000,-68.000000,0.000000,Top
C4,131.000000,-84.000000,0.000000,Top
C5,144.000000,-73.200000,270.000000,Top
C6,121.500000,-108.000000,270.000000,Top
C7,122.000000,-115.500000,270.000000,Top
C8,115.000000,-107.800000,90.000000,Top
C11,113.175000,-95.300000,90.000000,Top
C12,109.365000,-107.800000,270.000000,Top
C13,109.365000,-95.300000,90.000000,Top
C14,112.000000,-107.800000,270.000000,Top
C15,118.000000,-104.500000,0.000000,Top
C16,122.000000,-90.500000,0.000000,Top
C18,105.600000,-112.500000,180.000000,Top
C19,69.000000,-69.500000,90.000000,Top
C20,63.000000,-69.500000,0.000000,Top
C21,67.000000,-78.000000,0.000000,Top
C22,66.000000,-82.000000,90.000000,Top
C23,59.000000,-102.000000,90.000000,Top
C24,69.000000,-107.000000,90.000000,Top
C25,138.500000,-108.000000,90.000000,Top
C26,147.500000,-108.000000,90.000000,Top
C27,151.500000,-108.000000,180.000000,Top
C28,167.700000,-100.500000,0.000000,Top
C29,167.700000,-98.500000,0.000000,Top
C30,167.700000,-96.500000,0.000000,Top
C31,163.500000,-91.500000,90.000000,Top
C32,161.750000,-91.500000,90.000000,Top
C33,156.000000,-91.000000,90.000000,Top
C34,154.250000,-96.500000,180.000000,Top
C35,157.000000,-113.500000,270.000000,Top
C36,160.000000,-90.900000,90.000000,Top
C37,156.000000,-93.500000,180.000000,Top
C38,148.500000,-97.500000,90.000000,Top
C40,155.000000,-75.000000,0.000000,Top
C41,170.750000,-73.500000,90.000000,Top
C42,173.750000,-73.500000,90.000000,Top
C43,166.000000,-111.000000,270.000000,Top
C44,178.000000,-60.000000,90.000000,Top
D9,56.000000,-69.000000,90.000000,Top
F1,154.000000,-83.000000,0.000000,Top
FB1,155.000000,-110.000000,0.000000,Top
J4,65.000000,-54.540000,180.000000,Top
Q1,67.000000,-94.000000,180.000000,Top
R1,74.000000,-121.500000,0.000000,Top
R2,84.000000,-121.500000,0.000000,Top
R3,124.000000,-106.000000,270.000000,Top
R4,119.000000,-111.500000,180.000000,Top
R5,118.000000,-115.500000,270.000000,Top
R9,109.500000,-115.000000,0.000000,Top
R10,118.000000,-90.500000,180.000000,Top
R11,94.000000,-121.500000,0.000000,Top
R12,104.000000,-121.500000,0.000000,Top
R13,114.000000,-121.500000,0.000000,Top
R14,124.000000,-121.500000,0.000000,Top
R15,134.000000,-121.500000,0.000000,Top
R16,144.000000,-121.500000,0.000000,Top
R17,74.000000,-55.000000,0.000000,Top
R18,79.000000,-55.000000,0.000000,Top
R19,55.000000,-77.000000,0.000000,Top
R20,59.000000,-74.000000,90.000000,Top
R21,70.000000,-66.000000,0.000000,Top
R22,70.000000,-74.000000,90.000000,Top
R23,63.000000,-78.000000,0.000000,Top
R24,60.000000,-98.000000,0.000000,Top
R25,61.000000,-107.000000,90.000000,Top
R26,67.000000,-88.500000,0.000000,Top
R27,62.000000,-92.500000,90.000000,Top
R28,70.000000,-99.000000,90.000000,Top
R29,71.000000,-83.000000,90.000000,Top
R30,169.500000,-93.500000,90.000000,Top
R31,170.700000,-100.700000,270.000000,Top
R32,176.500000,-102.000000,0.000000,Top
R33,155.000000,-72.000000,0.000000,Top
R34,161.000000,-107.000000,270.000000,Top
R35,164.000000,-107.000000,270.000000,Top
R36,155.000000,-67.000000,0.000000,Top
R37,177.500000,-69.000000,90.000000,Top
R40,151.000000,-104.000000,0.000000,Top
R41,168.500000,-106.000000,180.000000,Top
U1,139.000000,-77.000000,270.000000,Top
U2,110.000000,-101.500000,0.000000,Top
U3,64.000000,-73.000000,0.000000,Top
U4,65.000000,-103.000000,270.000000,Top
U5,161.000000,-99.000000,90.000000,Top
U6,143.000000,-108.000000,90.000000,Top
U7,155.000000,-105.500000,180.000000,Top
Y1,152.500000,-99.500000,0.000000,Top
